RAMPART-1,2007-02-07
RAMPART-4,2007-02-11
RAMPART-6,2010-12-21
RAMPART-7,2010-12-21
RAMPART-8,2007-08-08
RAMPART-9,2007-01-27
RAMPART-10,2008-04-22
RAMPART-12,2007-03-16
RAMPART-14,2007-08-06
RAMPART-17,2007-07-13
RAMPART-18,2008-01-18
RAMPART-19,2007-08-06
RAMPART-20,2007-07-12
RAMPART-21,2007-02-09
RAMPART-22,2010-12-21
RAMPART-23,2008-04-29
RAMPART-24,2007-08-06
RAMPART-25,2010-12-21
RAMPART-26,2008-03-17
RAMPART-27,2007-11-28
RAMPART-29,2007-07-25
RAMPART-31,2008-01-14
RAMPART-32,2007-12-18
RAMPART-33,2008-04-08
RAMPART-36,2007-05-15
RAMPART-37,2007-08-08
RAMPART-38,2007-05-25
RAMPART-39,2008-03-17
RAMPART-40,2007-05-25
RAMPART-42,2007-07-06
RAMPART-43,2007-05-25
RAMPART-45,2007-07-05
RAMPART-47,2008-01-18
RAMPART-48,2007-07-05
RAMPART-49,2007-07-05
RAMPART-50,2007-08-08
RAMPART-51,2007-07-06
RAMPART-52,2007-07-05
RAMPART-53,2007-07-25
RAMPART-54,2007-07-11
RAMPART-56,2007-08-08
RAMPART-57,2007-07-12
RAMPART-58,2007-09-24
RAMPART-59,2007-07-20
RAMPART-60,2007-08-08
RAMPART-62,2007-08-08
RAMPART-64,2008-05-09
RAMPART-66,2007-08-08
RAMPART-67,2008-01-17
RAMPART-68,2008-01-14
RAMPART-71,2007-08-16
RAMPART-72,2008-03-17
RAMPART-73,2008-03-18
RAMPART-74,2007-08-17
RAMPART-75,2007-10-13
RAMPART-78,2008-01-08
RAMPART-80,2007-12-14
RAMPART-81,2007-12-13
RAMPART-82,2007-09-11
RAMPART-84,2008-01-16
RAMPART-85,2007-09-11
RAMPART-86,2007-09-17
RAMPART-87,2008-04-22
RAMPART-89,2008-04-07
RAMPART-90,2008-01-10
RAMPART-91,2007-10-05
RAMPART-92,2007-10-05
RAMPART-93,2007-10-05
RAMPART-94,2007-10-26
RAMPART-95,2007-10-26
RAMPART-97,2010-12-21
RAMPART-98,2011-02-25
RAMPART-99,2007-11-06
RAMPART-101,2008-04-07
RAMPART-102,2007-11-06
RAMPART-103,2008-05-27
RAMPART-104,2007-11-06
RAMPART-105,2008-03-18
RAMPART-106,2007-11-07
RAMPART-107,2007-11-10
RAMPART-108,2008-01-08
RAMPART-109,2007-11-14
RAMPART-110,2007-11-21
RAMPART-111,2010-12-21
RAMPART-113,2007-11-21
RAMPART-114,2007-12-14
RAMPART-115,2007-12-14
RAMPART-116,2010-12-21
RAMPART-117,2008-03-17
RAMPART-119,2010-12-21
RAMPART-120,2008-05-18
RAMPART-121,2010-12-22
RAMPART-122,2007-12-14
RAMPART-123,2008-01-17
RAMPART-124,2008-02-11
RAMPART-125,2008-01-10
RAMPART-127,2007-12-19
RAMPART-129,2008-01-14
RAMPART-130,2010-12-21
RAMPART-131,2008-01-10
RAMPART-132,2008-01-11
RAMPART-133,2008-01-14
RAMPART-134,2008-04-03
RAMPART-135,2008-01-30
RAMPART-136,2010-12-22
RAMPART-137,2008-02-08
RAMPART-138,2008-02-08
RAMPART-139,2008-02-14
RAMPART-140,2008-02-12
RAMPART-141,2008-02-15
RAMPART-143,2008-03-17
RAMPART-145,2008-05-19
RAMPART-146,2008-04-18
RAMPART-147,2008-04-02
RAMPART-148,2008-04-07
RAMPART-149,2008-04-08
RAMPART-150,2008-06-26
RAMPART-151,2008-04-07
RAMPART-152,2008-04-22
RAMPART-153,2008-05-09
RAMPART-154,2010-12-21
RAMPART-157,2008-05-07
RAMPART-158,2008-05-18
RAMPART-159,2008-05-07
RAMPART-160,2008-05-07
RAMPART-161,2008-05-08
RAMPART-162,2008-05-08
RAMPART-163,2008-05-08
RAMPART-164,2008-07-02
RAMPART-165,2008-05-18
RAMPART-166,2008-05-26
RAMPART-167,2008-05-18
RAMPART-168,2008-05-19
RAMPART-169,2008-06-23
RAMPART-170,2008-06-26
RAMPART-171,2008-08-26
RAMPART-173,2008-06-26
RAMPART-174,2010-12-22
RAMPART-175,2008-06-26
RAMPART-176,2008-07-04
RAMPART-177,2008-06-26
RAMPART-178,2008-07-02
RAMPART-179,2017-01-29
RAMPART-180,2010-12-21
RAMPART-181,2010-12-22
RAMPART-182,2008-08-05
RAMPART-183,2011-02-26
RAMPART-186,2010-12-22
RAMPART-187,2010-12-21
RAMPART-189,2009-09-01
RAMPART-190,2010-12-21
RAMPART-191,2009-08-31
RAMPART-193,2009-08-31
RAMPART-195,2010-12-21
RAMPART-198,2010-12-22
RAMPART-199,2008-10-04
RAMPART-200,2009-08-28
RAMPART-201,2011-02-25
RAMPART-202,2010-12-22
RAMPART-204,2009-06-16
RAMPART-206,2010-12-21
RAMPART-207,2009-06-16
RAMPART-209,2009-08-31
RAMPART-210,2010-12-21
RAMPART-212,2010-12-22
RAMPART-214,2009-02-04
RAMPART-215,2009-02-25
RAMPART-218,2010-12-23
RAMPART-219,2009-03-11
RAMPART-220,2009-04-02
RAMPART-224,2010-12-22
RAMPART-225,2010-12-21
RAMPART-226,2010-12-21
RAMPART-228,2010-12-22
RAMPART-230,2009-08-28
RAMPART-231,2009-08-27
RAMPART-232,2009-07-07
RAMPART-233,2009-08-04
RAMPART-236,2011-02-28
RAMPART-242,2009-08-27
RAMPART-243,2009-08-27
RAMPART-244,2009-08-29
RAMPART-245,2009-08-28
RAMPART-246,2009-08-28
RAMPART-247,2009-08-28
RAMPART-248,2009-09-01
RAMPART-249,2009-08-28
RAMPART-250,2009-08-28
RAMPART-251,2009-08-29
RAMPART-253,2010-12-21
RAMPART-254,2010-12-22
RAMPART-255,2009-09-01
RAMPART-256,2009-08-31
RAMPART-257,2009-09-01
RAMPART-258,2010-12-21
RAMPART-259,2010-12-22
RAMPART-260,2009-09-03
RAMPART-263,2010-12-21
RAMPART-264,2011-02-25
RAMPART-265,2010-12-21
RAMPART-266,2010-12-21
RAMPART-267,2010-12-22
RAMPART-268,2010-12-21
RAMPART-269,2012-01-09
RAMPART-270,2010-12-21
RAMPART-271,2010-12-21
RAMPART-273,2010-12-22
RAMPART-274,2010-12-21
RAMPART-275,2012-03-08
RAMPART-276,2010-12-21
RAMPART-277,2010-12-22
RAMPART-278,2010-12-23
RAMPART-279,2010-12-21
RAMPART-280,2010-12-21
RAMPART-283,2010-12-22
RAMPART-285,2010-12-21
RAMPART-288,2010-12-21
RAMPART-290,2010-12-21
RAMPART-291,2010-12-21
RAMPART-293,2010-12-21
RAMPART-294,2010-12-21
RAMPART-297,2011-03-01
RAMPART-298,2011-01-06
RAMPART-299,2011-02-23
RAMPART-300,2010-12-21
RAMPART-303,2010-12-21
RAMPART-304,2010-09-20
RAMPART-305,2011-02-19
RAMPART-306,2010-12-21
RAMPART-307,2010-12-21
RAMPART-308,2010-12-21
RAMPART-309,2010-12-21
RAMPART-310,2010-12-21
RAMPART-311,2010-12-21
RAMPART-313,2010-12-22
RAMPART-314,2010-12-22
RAMPART-315,2010-12-22
RAMPART-316,2010-12-22
RAMPART-317,2011-02-24
RAMPART-321,2011-02-19
RAMPART-322,2011-02-19
RAMPART-324,2011-10-19
RAMPART-326,2011-05-31
RAMPART-327,2011-05-31
RAMPART-331,2017-01-29
RAMPART-333,2011-06-14
RAMPART-334,2011-09-29
RAMPART-336,2011-09-29
RAMPART-338,2011-12-22
RAMPART-339,2017-01-30
RAMPART-343,2015-12-27
RAMPART-347,2011-12-19
RAMPART-350,2011-12-20
RAMPART-351,2012-07-02
RAMPART-354,2012-01-24
RAMPART-355,2012-02-03
RAMPART-357,2012-02-15
RAMPART-358,2012-08-25
RAMPART-363,2012-04-19
RAMPART-367,2015-12-11
RAMPART-375,2012-06-28
RAMPART-376,2012-06-25
RAMPART-377,2012-06-25
RAMPART-378,2015-12-27
RAMPART-379,2015-12-27
RAMPART-381,2015-12-27
RAMPART-382,2017-01-30
RAMPART-384,2013-01-25
RAMPART-387,2015-12-27
RAMPART-390,2017-02-06
RAMPART-392,2012-11-14
RAMPART-393,2012-09-30
RAMPART-395,2012-10-30
RAMPART-399,2013-09-02
RAMPART-400,2013-03-13
RAMPART-404,2017-01-29
RAMPART-405,2015-12-20
RAMPART-409,2014-02-09
RAMPART-415,2014-07-31
RAMPART-416,2014-07-20
RAMPART-417,2017-01-29
RAMPART-423,2017-01-31
RAMPART-430,2017-01-29
RAMPART-433,2017-01-29
RAMPART-440,2017-04-18
RAMPART-445,2018-11-06
RAMPART-446,2019-03-07
